file_name,image_path,true_label,model_name,pred_label,confidence,is_correct,is_wrong
sp0001_img000019_1781078281526.jpg,C:\Users\User\work\HDRT_FinalProject\image_detecting\model2\risk_dataset_aug\test\risk_0_safe\sp0001_img000019_1781078281526.jpg,risk_0_safe,model2_imgsz320,risk_0_safe,0.9986999034881592,True,False
sp0001_img000028_1781078283885.jpg,C:\Users\User\work\HDRT_FinalProject\image_detecting\model2\risk_dataset_aug\test\risk_0_safe\sp0001_img000028_1781078283885.jpg,risk_0_safe,model2_imgsz320,risk_0_safe,0.9974008798599243,True,False
sp0001_img000028_1781082208112.jpg,C:\Users\User\work\HDRT_FinalProject\image_detecting\model2\risk_dataset_aug\test\risk_0_safe\sp0001_img000028_1781082208112.jpg,risk_0_safe,model2_imgsz320,risk_0_safe,0.9903019070625305,True,False
sp0001_img000029_1781082208425.jpg,C:\Users\User\work\HDRT_FinalProject\image_detecting\model2\risk_dataset_aug\test\risk_0_safe\sp0001_img000029_1781082208425.jpg,risk_0_safe,model2_imgsz320,risk_0_safe,0.9996728897094727,True,False
sp0001_img000030_1781078284558.jpg,C:\Users\User\work\HDRT_FinalProject\image_detecting\model2\risk_dataset_aug\test\risk_0_safe\sp0001_img000030_1781078284558.jpg,risk_0_safe,model2_imgsz320,risk_0_safe,0.9846851825714111,True,False
sp0001_img000035_1781082210431.jpg,C:\Users\User\work\HDRT_FinalProject\image_detecting\model2\risk_dataset_aug\test\risk_0_safe\sp0001_img000035_1781082210431.jpg,risk_0_safe,model2_imgsz320,risk_0_safe,0.999956488609314,True,False
sp0001_img000057_1781078292044.jpg,C:\Users\User\work\HDRT_FinalProject\image_detecting\model2\risk_dataset_aug\test\risk_0_safe\sp0001_img000057_1781078292044.jpg,risk_0_safe,model2_imgsz320,risk_0_safe,0.997904896736145,True,False
sp0001_img000059_1781082218734.jpg,C:\Users\User\work\HDRT_FinalProject\image_detecting\model2\risk_dataset_aug\test\risk_0_safe\sp0001_img000059_1781082218734.jpg,risk_0_safe,model2_imgsz320,risk_0_safe,0.9991889595985413,True,False
sp0001_img000062_1781082219769.jpg,C:\Users\User\work\HDRT_FinalProject\image_detecting\model2\risk_dataset_aug\test\risk_0_safe\sp0001_img000062_1781082219769.jpg,risk_0_safe,model2_imgsz320,risk_0_safe,0.9998294115066528,True,False
sp0001_img000075_1781082224175.jpg,C:\Users\User\work\HDRT_FinalProject\image_detecting\model2\risk_dataset_aug\test\risk_0_safe\sp0001_img000075_1781082224175.jpg,risk_0_safe,model2_imgsz320,risk_0_safe,0.9987655878067017,True,False
sp0001_img000078_1781078297278.jpg,C:\Users\User\work\HDRT_FinalProject\image_detecting\model2\risk_dataset_aug\test\risk_0_safe\sp0001_img000078_1781078297278.jpg,risk_0_safe,model2_imgsz320,risk_1_low,0.7658365368843079,False,True
sp0001_img000080_1781082225834.jpg,C:\Users\User\work\HDRT_FinalProject\image_detecting\model2\risk_dataset_aug\test\risk_0_safe\sp0001_img000080_1781082225834.jpg,risk_0_safe,model2_imgsz320,risk_0_safe,0.9989650249481201,True,False
sp0001_img000083_1781082226876.jpg,C:\Users\User\work\HDRT_FinalProject\image_detecting\model2\risk_dataset_aug\test\risk_0_safe\sp0001_img000083_1781082226876.jpg,risk_0_safe,model2_imgsz320,risk_0_safe,0.9989633560180664,True,False
sp0001_img000087_1781082228211.jpg,C:\Users\User\work\HDRT_FinalProject\image_detecting\model2\risk_dataset_aug\test\risk_0_safe\sp0001_img000087_1781082228211.jpg,risk_0_safe,model2_imgsz320,risk_0_safe,0.9983049631118774,True,False
sp0001_img000097_1781078302511.jpg,C:\Users\User\work\HDRT_FinalProject\image_detecting\model2\risk_dataset_aug\test\risk_0_safe\sp0001_img000097_1781078302511.jpg,risk_0_safe,model2_imgsz320,risk_1_low,0.8820085525512695,False,True
sp0001_img000105_1781082234027.jpg,C:\Users\User\work\HDRT_FinalProject\image_detecting\model2\risk_dataset_aug\test\risk_0_safe\sp0001_img000105_1781082234027.jpg,risk_0_safe,model2_imgsz320,risk_0_safe,0.995387613773346,True,False
sp0001_img000149_1781082246774.jpg,C:\Users\User\work\HDRT_FinalProject\image_detecting\model2\risk_dataset_aug\test\risk_0_safe\sp0001_img000149_1781082246774.jpg,risk_0_safe,model2_imgsz320,risk_0_safe,0.7190302610397339,True,False
sp0001_img000158_1781082249295.jpg,C:\Users\User\work\HDRT_FinalProject\image_detecting\model2\risk_dataset_aug\test\risk_0_safe\sp0001_img000158_1781082249295.jpg,risk_0_safe,model2_imgsz320,risk_0_safe,0.7172795534133911,True,False
sp0001_img000176_1781082254839.jpg,C:\Users\User\work\HDRT_FinalProject\image_detecting\model2\risk_dataset_aug\test\risk_0_safe\sp0001_img000176_1781082254839.jpg,risk_0_safe,model2_imgsz320,risk_0_safe,0.708215057849884,True,False
sp0001_img000177_1781082255090.jpg,C:\Users\User\work\HDRT_FinalProject\image_detecting\model2\risk_dataset_aug\test\risk_0_safe\sp0001_img000177_1781082255090.jpg,risk_0_safe,model2_imgsz320,risk_0_safe,0.722910463809967,True,False
sp0001_img000179_1781082255650.jpg,C:\Users\User\work\HDRT_FinalProject\image_detecting\model2\risk_dataset_aug\test\risk_0_safe\sp0001_img000179_1781082255650.jpg,risk_0_safe,model2_imgsz320,risk_0_safe,0.8044830560684204,True,False
sp0001_img000221_1781082267980.jpg,C:\Users\User\work\HDRT_FinalProject\image_detecting\model2\risk_dataset_aug\test\risk_0_safe\sp0001_img000221_1781082267980.jpg,risk_0_safe,model2_imgsz320,risk_0_safe,0.9879768490791321,True,False
sp0001_img000228_1781082269942.jpg,C:\Users\User\work\HDRT_FinalProject\image_detecting\model2\risk_dataset_aug\test\risk_0_safe\sp0001_img000228_1781082269942.jpg,risk_0_safe,model2_imgsz320,risk_0_safe,0.999640703201294,True,False
sp0001_img000260_1781082280320.jpg,C:\Users\User\work\HDRT_FinalProject\image_detecting\model2\risk_dataset_aug\test\risk_0_safe\sp0001_img000260_1781082280320.jpg,risk_0_safe,model2_imgsz320,risk_0_safe,0.9760327339172363,True,False
sp0001_img000266_1781082282229.jpg,C:\Users\User\work\HDRT_FinalProject\image_detecting\model2\risk_dataset_aug\test\risk_0_safe\sp0001_img000266_1781082282229.jpg,risk_0_safe,model2_imgsz320,risk_0_safe,0.9443363547325134,True,False
sp0001_img000289_1781082288115.jpg,C:\Users\User\work\HDRT_FinalProject\image_detecting\model2\risk_dataset_aug\test\risk_0_safe\sp0001_img000289_1781082288115.jpg,risk_0_safe,model2_imgsz320,risk_0_safe,0.6276450157165527,True,False
sp0001_img000299_1781082290736.jpg,C:\Users\User\work\HDRT_FinalProject\image_detecting\model2\risk_dataset_aug\test\risk_0_safe\sp0001_img000299_1781082290736.jpg,risk_0_safe,model2_imgsz320,risk_0_safe,0.9994637370109558,True,False
sp0001_img000343_1781082301902.jpg,C:\Users\User\work\HDRT_FinalProject\image_detecting\model2\risk_dataset_aug\test\risk_0_safe\sp0001_img000343_1781082301902.jpg,risk_0_safe,model2_imgsz320,risk_0_safe,0.9973276853561401,True,False
sp0001_img000364_1781082307477.jpg,C:\Users\User\work\HDRT_FinalProject\image_detecting\model2\risk_dataset_aug\test\risk_0_safe\sp0001_img000364_1781082307477.jpg,risk_0_safe,model2_imgsz320,risk_0_safe,0.8633211255073547,True,False
sp0001_img000366_1781082307993.jpg,C:\Users\User\work\HDRT_FinalProject\image_detecting\model2\risk_dataset_aug\test\risk_0_safe\sp0001_img000366_1781082307993.jpg,risk_0_safe,model2_imgsz320,risk_0_safe,0.8566582798957825,True,False
sp0001_img000373_1781082309833.jpg,C:\Users\User\work\HDRT_FinalProject\image_detecting\model2\risk_dataset_aug\test\risk_0_safe\sp0001_img000373_1781082309833.jpg,risk_0_safe,model2_imgsz320,risk_0_safe,0.9978151321411133,True,False
sp0001_img000375_1781082310377.jpg,C:\Users\User\work\HDRT_FinalProject\image_detecting\model2\risk_dataset_aug\test\risk_0_safe\sp0001_img000375_1781082310377.jpg,risk_0_safe,model2_imgsz320,risk_0_safe,0.9983739852905273,True,False
sp0001_img000399_1781082317619.jpg,C:\Users\User\work\HDRT_FinalProject\image_detecting\model2\risk_dataset_aug\test\risk_0_safe\sp0001_img000399_1781082317619.jpg,risk_0_safe,model2_imgsz320,risk_0_safe,0.9999488592147827,True,False
sp0001_img000400_1781082317860.jpg,C:\Users\User\work\HDRT_FinalProject\image_detecting\model2\risk_dataset_aug\test\risk_0_safe\sp0001_img000400_1781082317860.jpg,risk_0_safe,model2_imgsz320,risk_0_safe,0.9999184608459473,True,False
sp0002_img000039_1781082954556.jpg,C:\Users\User\work\HDRT_FinalProject\image_detecting\model2\risk_dataset_aug\test\risk_0_safe\sp0002_img000039_1781082954556.jpg,risk_0_safe,model2_imgsz320,risk_0_safe,0.9995853304862976,True,False
sp0002_img000041_1781082955260.jpg,C:\Users\User\work\HDRT_FinalProject\image_detecting\model2\risk_dataset_aug\test\risk_0_safe\sp0002_img000041_1781082955260.jpg,risk_0_safe,model2_imgsz320,risk_0_safe,0.999231219291687,True,False
sp0002_img000066_1781082964904.jpg,C:\Users\User\work\HDRT_FinalProject\image_detecting\model2\risk_dataset_aug\test\risk_0_safe\sp0002_img000066_1781082964904.jpg,risk_0_safe,model2_imgsz320,risk_0_safe,0.9955695271492004,True,False
sp0002_img000084_1781082971880.jpg,C:\Users\User\work\HDRT_FinalProject\image_detecting\model2\risk_dataset_aug\test\risk_0_safe\sp0002_img000084_1781082971880.jpg,risk_0_safe,model2_imgsz320,risk_0_safe,0.989648163318634,True,False
sp0002_img000131_1781082989400.jpg,C:\Users\User\work\HDRT_FinalProject\image_detecting\model2\risk_dataset_aug\test\risk_0_safe\sp0002_img000131_1781082989400.jpg,risk_0_safe,model2_imgsz320,risk_0_safe,0.9978039860725403,True,False
sp0002_img000181_1781083007087.jpg,C:\Users\User\work\HDRT_FinalProject\image_detecting\model2\risk_dataset_aug\test\risk_0_safe\sp0002_img000181_1781083007087.jpg,risk_0_safe,model2_imgsz320,risk_0_safe,0.5029464364051819,True,False
sp0002_img000197_1781083013351.jpg,C:\Users\User\work\HDRT_FinalProject\image_detecting\model2\risk_dataset_aug\test\risk_0_safe\sp0002_img000197_1781083013351.jpg,risk_0_safe,model2_imgsz320,risk_0_safe,0.9977580904960632,True,False
sp0002_img000200_1781083014292.jpg,C:\Users\User\work\HDRT_FinalProject\image_detecting\model2\risk_dataset_aug\test\risk_0_safe\sp0002_img000200_1781083014292.jpg,risk_0_safe,model2_imgsz320,risk_0_safe,0.9988993406295776,True,False
sp0002_img000205_1781083016062.jpg,C:\Users\User\work\HDRT_FinalProject\image_detecting\model2\risk_dataset_aug\test\risk_0_safe\sp0002_img000205_1781083016062.jpg,risk_0_safe,model2_imgsz320,risk_0_safe,0.9999037981033325,True,False
sp0002_img000225_1781083023608.jpg,C:\Users\User\work\HDRT_FinalProject\image_detecting\model2\risk_dataset_aug\test\risk_0_safe\sp0002_img000225_1781083023608.jpg,risk_0_safe,model2_imgsz320,risk_0_safe,0.9127646088600159,True,False
sp0002_img000231_1781083025859.jpg,C:\Users\User\work\HDRT_FinalProject\image_detecting\model2\risk_dataset_aug\test\risk_0_safe\sp0002_img000231_1781083025859.jpg,risk_0_safe,model2_imgsz320,risk_0_safe,0.9771016240119934,True,False
sp0002_img000232_1781083026182.jpg,C:\Users\User\work\HDRT_FinalProject\image_detecting\model2\risk_dataset_aug\test\risk_0_safe\sp0002_img000232_1781083026182.jpg,risk_0_safe,model2_imgsz320,risk_0_safe,0.9839075803756714,True,False
sp0002_img000251_1781083032680.jpg,C:\Users\User\work\HDRT_FinalProject\image_detecting\model2\risk_dataset_aug\test\risk_0_safe\sp0002_img000251_1781083032680.jpg,risk_0_safe,model2_imgsz320,risk_0_safe,0.9518757462501526,True,False
sp0002_img000312_1781083052887.jpg,C:\Users\User\work\HDRT_FinalProject\image_detecting\model2\risk_dataset_aug\test\risk_0_safe\sp0002_img000312_1781083052887.jpg,risk_0_safe,model2_imgsz320,risk_0_safe,0.4052456319332123,True,False
sp0002_img000340_1781083062307.jpg,C:\Users\User\work\HDRT_FinalProject\image_detecting\model2\risk_dataset_aug\test\risk_0_safe\sp0002_img000340_1781083062307.jpg,risk_0_safe,model2_imgsz320,risk_2_high,0.9988208413124084,False,True
sp0002_img000363_1781083072131.jpg,C:\Users\User\work\HDRT_FinalProject\image_detecting\model2\risk_dataset_aug\test\risk_0_safe\sp0002_img000363_1781083072131.jpg,risk_0_safe,model2_imgsz320,risk_0_safe,0.725365161895752,True,False
sp0002_img000375_1781083077409.jpg,C:\Users\User\work\HDRT_FinalProject\image_detecting\model2\risk_dataset_aug\test\risk_0_safe\sp0002_img000375_1781083077409.jpg,risk_0_safe,model2_imgsz320,risk_0_safe,0.9999293088912964,True,False
sp0002_img000378_1781083078849.jpg,C:\Users\User\work\HDRT_FinalProject\image_detecting\model2\risk_dataset_aug\test\risk_0_safe\sp0002_img000378_1781083078849.jpg,risk_0_safe,model2_imgsz320,risk_0_safe,0.999843955039978,True,False
sp0002_img000379_1781083079255.jpg,C:\Users\User\work\HDRT_FinalProject\image_detecting\model2\risk_dataset_aug\test\risk_0_safe\sp0002_img000379_1781083079255.jpg,risk_0_safe,model2_imgsz320,risk_0_safe,0.9999279975891113,True,False
sp0001_img000014_1781078280350.jpg,C:\Users\User\work\HDRT_FinalProject\image_detecting\model2\risk_dataset_aug\test\risk_1_low\sp0001_img000014_1781078280350.jpg,risk_1_low,model2_imgsz320,risk_1_low,0.6475334763526917,True,False
sp0001_img000061_1781078292957.jpg,C:\Users\User\work\HDRT_FinalProject\image_detecting\model2\risk_dataset_aug\test\risk_1_low\sp0001_img000061_1781078292957.jpg,risk_1_low,model2_imgsz320,risk_1_low,0.9650721549987793,True,False
sp0001_img000063_1781082220076.jpg,C:\Users\User\work\HDRT_FinalProject\image_detecting\model2\risk_dataset_aug\test\risk_1_low\sp0001_img000063_1781082220076.jpg,risk_1_low,model2_imgsz320,risk_0_safe,0.9992491602897644,False,True
sp0001_img000089_1781082228930.jpg,C:\Users\User\work\HDRT_FinalProject\image_detecting\model2\risk_dataset_aug\test\risk_1_low\sp0001_img000089_1781082228930.jpg,risk_1_low,model2_imgsz320,risk_2_high,0.6267265677452087,False,True
sp0001_img000090_1781082229225.jpg,C:\Users\User\work\HDRT_FinalProject\image_detecting\model2\risk_dataset_aug\test\risk_1_low\sp0001_img000090_1781082229225.jpg,risk_1_low,model2_imgsz320,risk_2_high,0.9563454389572144,False,True
sp0001_img000103_1781082233442.jpg,C:\Users\User\work\HDRT_FinalProject\image_detecting\model2\risk_dataset_aug\test\risk_1_low\sp0001_img000103_1781082233442.jpg,risk_1_low,model2_imgsz320,risk_0_safe,0.9918265342712402,False,True
sp0001_img000130_1781082241525.jpg,C:\Users\User\work\HDRT_FinalProject\image_detecting\model2\risk_dataset_aug\test\risk_1_low\sp0001_img000130_1781082241525.jpg,risk_1_low,model2_imgsz320,risk_0_safe,0.7055768966674805,False,True
sp0001_img000172_1781082253468.jpg,C:\Users\User\work\HDRT_FinalProject\image_detecting\model2\risk_dataset_aug\test\risk_1_low\sp0001_img000172_1781082253468.jpg,risk_1_low,model2_imgsz320,risk_2_high,0.6926261186599731,False,True
sp0001_img000284_1781082286900.jpg,C:\Users\User\work\HDRT_FinalProject\image_detecting\model2\risk_dataset_aug\test\risk_1_low\sp0001_img000284_1781082286900.jpg,risk_1_low,model2_imgsz320,risk_0_safe,0.6001998782157898,False,True
sp0001_img000317_1781082295262.jpg,C:\Users\User\work\HDRT_FinalProject\image_detecting\model2\risk_dataset_aug\test\risk_1_low\sp0001_img000317_1781082295262.jpg,risk_1_low,model2_imgsz320,risk_1_low,0.9754379987716675,True,False
sp0001_img000350_1781082303741.jpg,C:\Users\User\work\HDRT_FinalProject\image_detecting\model2\risk_dataset_aug\test\risk_1_low\sp0001_img000350_1781082303741.jpg,risk_1_low,model2_imgsz320,risk_1_low,0.8113476634025574,True,False
sp0001_img000383_1781082312940.jpg,C:\Users\User\work\HDRT_FinalProject\image_detecting\model2\risk_dataset_aug\test\risk_1_low\sp0001_img000383_1781082312940.jpg,risk_1_low,model2_imgsz320,risk_1_low,0.9983881711959839,True,False
sp0001_img000412_1781082321339.jpg,C:\Users\User\work\HDRT_FinalProject\image_detecting\model2\risk_dataset_aug\test\risk_1_low\sp0001_img000412_1781082321339.jpg,risk_1_low,model2_imgsz320,risk_1_low,0.998380184173584,True,False
sp0001_img000425_1781082324919.jpg,C:\Users\User\work\HDRT_FinalProject\image_detecting\model2\risk_dataset_aug\test\risk_1_low\sp0001_img000425_1781082324919.jpg,risk_1_low,model2_imgsz320,risk_1_low,0.8622110486030579,True,False
sp0002_img000073_1781082967580.jpg,C:\Users\User\work\HDRT_FinalProject\image_detecting\model2\risk_dataset_aug\test\risk_1_low\sp0002_img000073_1781082967580.jpg,risk_1_low,model2_imgsz320,risk_1_low,0.6121641397476196,True,False
sp0002_img000091_1781082974602.jpg,C:\Users\User\work\HDRT_FinalProject\image_detecting\model2\risk_dataset_aug\test\risk_1_low\sp0002_img000091_1781082974602.jpg,risk_1_low,model2_imgsz320,risk_0_safe,0.6411910653114319,False,True
sp0002_img000185_1781083008742.jpg,C:\Users\User\work\HDRT_FinalProject\image_detecting\model2\risk_dataset_aug\test\risk_1_low\sp0002_img000185_1781083008742.jpg,risk_1_low,model2_imgsz320,risk_0_safe,0.5345386862754822,False,True
sp0002_img000212_1781083018646.jpg,C:\Users\User\work\HDRT_FinalProject\image_detecting\model2\risk_dataset_aug\test\risk_1_low\sp0002_img000212_1781083018646.jpg,risk_1_low,model2_imgsz320,risk_2_high,0.6367396116256714,False,True
sp0002_img000263_1781083037549.jpg,C:\Users\User\work\HDRT_FinalProject\image_detecting\model2\risk_dataset_aug\test\risk_1_low\sp0002_img000263_1781083037549.jpg,risk_1_low,model2_imgsz320,risk_0_safe,0.639961302280426,False,True
sp0002_img000297_1781083048634.jpg,C:\Users\User\work\HDRT_FinalProject\image_detecting\model2\risk_dataset_aug\test\risk_1_low\sp0002_img000297_1781083048634.jpg,risk_1_low,model2_imgsz320,risk_0_safe,0.9664844870567322,False,True
sp0002_img000299_1781083049267.jpg,C:\Users\User\work\HDRT_FinalProject\image_detecting\model2\risk_dataset_aug\test\risk_1_low\sp0002_img000299_1781083049267.jpg,risk_1_low,model2_imgsz320,risk_1_low,0.3833242952823639,True,False
sp0002_img000308_1781083051829.jpg,C:\Users\User\work\HDRT_FinalProject\image_detecting\model2\risk_dataset_aug\test\risk_1_low\sp0002_img000308_1781083051829.jpg,risk_1_low,model2_imgsz320,risk_1_low,0.9505193829536438,True,False
sp0002_img000366_1781083073572.jpg,C:\Users\User\work\HDRT_FinalProject\image_detecting\model2\risk_dataset_aug\test\risk_1_low\sp0002_img000366_1781083073572.jpg,risk_1_low,model2_imgsz320,risk_0_safe,0.7358182072639465,False,True
sp0002_img000390_1781083084266.jpg,C:\Users\User\work\HDRT_FinalProject\image_detecting\model2\risk_dataset_aug\test\risk_1_low\sp0002_img000390_1781083084266.jpg,risk_1_low,model2_imgsz320,risk_0_safe,0.9836073517799377,False,True
sp0001_img000002_1781078277435.jpg,C:\Users\User\work\HDRT_FinalProject\image_detecting\model2\risk_dataset_aug\test\risk_2_high\sp0001_img000002_1781078277435.jpg,risk_2_high,model2_imgsz320,risk_2_high,0.9955386519432068,True,False
sp0001_img000011_1781078279591.jpg,C:\Users\User\work\HDRT_FinalProject\image_detecting\model2\risk_dataset_aug\test\risk_2_high\sp0001_img000011_1781078279591.jpg,risk_2_high,model2_imgsz320,risk_1_low,0.9022972583770752,False,True
sp0001_img000042_1781078287961.jpg,C:\Users\User\work\HDRT_FinalProject\image_detecting\model2\risk_dataset_aug\test\risk_2_high\sp0001_img000042_1781078287961.jpg,risk_2_high,model2_imgsz320,risk_1_low,0.9668853282928467,False,True
sp0001_img000043_1781082213333.jpg,C:\Users\User\work\HDRT_FinalProject\image_detecting\model2\risk_dataset_aug\test\risk_2_high\sp0001_img000043_1781082213333.jpg,risk_2_high,model2_imgsz320,risk_1_low,0.7485310435295105,False,True
sp0001_img000069_1781078295079.jpg,C:\Users\User\work\HDRT_FinalProject\image_detecting\model2\risk_dataset_aug\test\risk_2_high\sp0001_img000069_1781078295079.jpg,risk_2_high,model2_imgsz320,risk_0_safe,0.709297239780426,False,True
sp0001_img000069_1781082222152.jpg,C:\Users\User\work\HDRT_FinalProject\image_detecting\model2\risk_dataset_aug\test\risk_2_high\sp0001_img000069_1781082222152.jpg,risk_2_high,model2_imgsz320,risk_2_high,0.9997655749320984,True,False
sp0001_img000112_1781078306814.jpg,C:\Users\User\work\HDRT_FinalProject\image_detecting\model2\risk_dataset_aug\test\risk_2_high\sp0001_img000112_1781078306814.jpg,risk_2_high,model2_imgsz320,risk_2_high,0.7039544582366943,True,False
sp0001_img000113_1781078307085.jpg,C:\Users\User\work\HDRT_FinalProject\image_detecting\model2\risk_dataset_aug\test\risk_2_high\sp0001_img000113_1781078307085.jpg,risk_2_high,model2_imgsz320,risk_2_high,0.950111985206604,True,False
sp0001_img000164_1781082251123.jpg,C:\Users\User\work\HDRT_FinalProject\image_detecting\model2\risk_dataset_aug\test\risk_2_high\sp0001_img000164_1781082251123.jpg,risk_2_high,model2_imgsz320,risk_2_high,0.40981724858283997,True,False
sp0001_img000168_1781082252417.jpg,C:\Users\User\work\HDRT_FinalProject\image_detecting\model2\risk_dataset_aug\test\risk_2_high\sp0001_img000168_1781082252417.jpg,risk_2_high,model2_imgsz320,risk_2_high,0.4643382132053375,True,False
sp0001_img000216_1781082266936.jpg,C:\Users\User\work\HDRT_FinalProject\image_detecting\model2\risk_dataset_aug\test\risk_2_high\sp0001_img000216_1781082266936.jpg,risk_2_high,model2_imgsz320,risk_0_safe,0.5524807572364807,False,True
sp0001_img000239_1781082273347.jpg,C:\Users\User\work\HDRT_FinalProject\image_detecting\model2\risk_dataset_aug\test\risk_2_high\sp0001_img000239_1781082273347.jpg,risk_2_high,model2_imgsz320,risk_2_high,0.7478978633880615,True,False
sp0001_img000242_1781082274375.jpg,C:\Users\User\work\HDRT_FinalProject\image_detecting\model2\risk_dataset_aug\test\risk_2_high\sp0001_img000242_1781082274375.jpg,risk_2_high,model2_imgsz320,risk_2_high,0.9996583461761475,True,False
sp0001_img000245_1781082275258.jpg,C:\Users\User\work\HDRT_FinalProject\image_detecting\model2\risk_dataset_aug\test\risk_2_high\sp0001_img000245_1781082275258.jpg,risk_2_high,model2_imgsz320,risk_2_high,0.9938289523124695,True,False
sp0001_img000356_1781082305401.jpg,C:\Users\User\work\HDRT_FinalProject\image_detecting\model2\risk_dataset_aug\test\risk_2_high\sp0001_img000356_1781082305401.jpg,risk_2_high,model2_imgsz320,risk_2_high,0.9065918922424316,True,False
sp0001_img000360_1781082306307.jpg,C:\Users\User\work\HDRT_FinalProject\image_detecting\model2\risk_dataset_aug\test\risk_2_high\sp0001_img000360_1781082306307.jpg,risk_2_high,model2_imgsz320,risk_2_high,0.49833977222442627,True,False
sp0001_img000387_1781082314322.jpg,C:\Users\User\work\HDRT_FinalProject\image_detecting\model2\risk_dataset_aug\test\risk_2_high\sp0001_img000387_1781082314322.jpg,risk_2_high,model2_imgsz320,risk_2_high,0.996008038520813,True,False
sp0001_img000414_1781082321866.jpg,C:\Users\User\work\HDRT_FinalProject\image_detecting\model2\risk_dataset_aug\test\risk_2_high\sp0001_img000414_1781082321866.jpg,risk_2_high,model2_imgsz320,risk_2_high,0.979868471622467,True,False
sp0002_img000053_1781082959893.jpg,C:\Users\User\work\HDRT_FinalProject\image_detecting\model2\risk_dataset_aug\test\risk_2_high\sp0002_img000053_1781082959893.jpg,risk_2_high,model2_imgsz320,risk_2_high,0.9994113445281982,True,False
sp0002_img000093_1781082975278.jpg,C:\Users\User\work\HDRT_FinalProject\image_detecting\model2\risk_dataset_aug\test\risk_2_high\sp0002_img000093_1781082975278.jpg,risk_2_high,model2_imgsz320,risk_2_high,0.9945488572120667,True,False
sp0002_img000094_1781082975818.jpg,C:\Users\User\work\HDRT_FinalProject\image_detecting\model2\risk_dataset_aug\test\risk_2_high\sp0002_img000094_1781082975818.jpg,risk_2_high,model2_imgsz320,risk_2_high,0.9987309575080872,True,False
sp0002_img000095_1781082976274.jpg,C:\Users\User\work\HDRT_FinalProject\image_detecting\model2\risk_dataset_aug\test\risk_2_high\sp0002_img000095_1781082976274.jpg,risk_2_high,model2_imgsz320,risk_2_high,0.8505748510360718,True,False
sp0002_img000117_1781082984595.jpg,C:\Users\User\work\HDRT_FinalProject\image_detecting\model2\risk_dataset_aug\test\risk_2_high\sp0002_img000117_1781082984595.jpg,risk_2_high,model2_imgsz320,risk_2_high,0.9999480247497559,True,False
sp0002_img000140_1781082992437.jpg,C:\Users\User\work\HDRT_FinalProject\image_detecting\model2\risk_dataset_aug\test\risk_2_high\sp0002_img000140_1781082992437.jpg,risk_2_high,model2_imgsz320,risk_2_high,0.9943546056747437,True,False
sp0002_img000168_1781083002572.jpg,C:\Users\User\work\HDRT_FinalProject\image_detecting\model2\risk_dataset_aug\test\risk_2_high\sp0002_img000168_1781083002572.jpg,risk_2_high,model2_imgsz320,risk_2_high,0.9998363256454468,True,False
sp0002_img000216_1781083020224.jpg,C:\Users\User\work\HDRT_FinalProject\image_detecting\model2\risk_dataset_aug\test\risk_2_high\sp0002_img000216_1781083020224.jpg,risk_2_high,model2_imgsz320,risk_2_high,0.986390233039856,True,False
sp0002_img000217_1781083020560.jpg,C:\Users\User\work\HDRT_FinalProject\image_detecting\model2\risk_dataset_aug\test\risk_2_high\sp0002_img000217_1781083020560.jpg,risk_2_high,model2_imgsz320,risk_2_high,0.9981997013092041,True,False
sp0002_img000300_1781083049515.jpg,C:\Users\User\work\HDRT_FinalProject\image_detecting\model2\risk_dataset_aug\test\risk_2_high\sp0002_img000300_1781083049515.jpg,risk_2_high,model2_imgsz320,risk_2_high,0.41971370577812195,True,False
sp0002_img000348_1781083065664.jpg,C:\Users\User\work\HDRT_FinalProject\image_detecting\model2\risk_dataset_aug\test\risk_2_high\sp0002_img000348_1781083065664.jpg,risk_2_high,model2_imgsz320,risk_2_high,0.9997385144233704,True,False
sp0002_img000370_1781083075286.jpg,C:\Users\User\work\HDRT_FinalProject\image_detecting\model2\risk_dataset_aug\test\risk_2_high\sp0002_img000370_1781083075286.jpg,risk_2_high,model2_imgsz320,risk_0_safe,0.6602254509925842,False,True
sp0001_img000019_1781078281526.jpg,C:\Users\User\work\HDRT_FinalProject\image_detecting\model2\risk_dataset_aug\test\risk_0_safe\sp0001_img000019_1781078281526.jpg,risk_0_safe,model2_imgsz480,risk_0_safe,0.9975722432136536,True,False
sp0001_img000028_1781078283885.jpg,C:\Users\User\work\HDRT_FinalProject\image_detecting\model2\risk_dataset_aug\test\risk_0_safe\sp0001_img000028_1781078283885.jpg,risk_0_safe,model2_imgsz480,risk_0_safe,0.9903415441513062,True,False
sp0001_img000028_1781082208112.jpg,C:\Users\User\work\HDRT_FinalProject\image_detecting\model2\risk_dataset_aug\test\risk_0_safe\sp0001_img000028_1781082208112.jpg,risk_0_safe,model2_imgsz480,risk_0_safe,0.6140583157539368,True,False
sp0001_img000029_1781082208425.jpg,C:\Users\User\work\HDRT_FinalProject\image_detecting\model2\risk_dataset_aug\test\risk_0_safe\sp0001_img000029_1781082208425.jpg,risk_0_safe,model2_imgsz480,risk_0_safe,0.5765312910079956,True,False
sp0001_img000030_1781078284558.jpg,C:\Users\User\work\HDRT_FinalProject\image_detecting\model2\risk_dataset_aug\test\risk_0_safe\sp0001_img000030_1781078284558.jpg,risk_0_safe,model2_imgsz480,risk_0_safe,0.8955636620521545,True,False
sp0001_img000035_1781082210431.jpg,C:\Users\User\work\HDRT_FinalProject\image_detecting\model2\risk_dataset_aug\test\risk_0_safe\sp0001_img000035_1781082210431.jpg,risk_0_safe,model2_imgsz480,risk_0_safe,0.9978467226028442,True,False
sp0001_img000057_1781078292044.jpg,C:\Users\User\work\HDRT_FinalProject\image_detecting\model2\risk_dataset_aug\test\risk_0_safe\sp0001_img000057_1781078292044.jpg,risk_0_safe,model2_imgsz480,risk_0_safe,0.9875890612602234,True,False
sp0001_img000059_1781082218734.jpg,C:\Users\User\work\HDRT_FinalProject\image_detecting\model2\risk_dataset_aug\test\risk_0_safe\sp0001_img000059_1781082218734.jpg,risk_0_safe,model2_imgsz480,risk_0_safe,0.9987156391143799,True,False
sp0001_img000062_1781082219769.jpg,C:\Users\User\work\HDRT_FinalProject\image_detecting\model2\risk_dataset_aug\test\risk_0_safe\sp0001_img000062_1781082219769.jpg,risk_0_safe,model2_imgsz480,risk_0_safe,0.9953172206878662,True,False
sp0001_img000075_1781082224175.jpg,C:\Users\User\work\HDRT_FinalProject\image_detecting\model2\risk_dataset_aug\test\risk_0_safe\sp0001_img000075_1781082224175.jpg,risk_0_safe,model2_imgsz480,risk_2_high,0.7418163418769836,False,True
sp0001_img000078_1781078297278.jpg,C:\Users\User\work\HDRT_FinalProject\image_detecting\model2\risk_dataset_aug\test\risk_0_safe\sp0001_img000078_1781078297278.jpg,risk_0_safe,model2_imgsz480,risk_0_safe,0.9726706147193909,True,False
sp0001_img000080_1781082225834.jpg,C:\Users\User\work\HDRT_FinalProject\image_detecting\model2\risk_dataset_aug\test\risk_0_safe\sp0001_img000080_1781082225834.jpg,risk_0_safe,model2_imgsz480,risk_0_safe,0.5984975099563599,True,False
sp0001_img000083_1781082226876.jpg,C:\Users\User\work\HDRT_FinalProject\image_detecting\model2\risk_dataset_aug\test\risk_0_safe\sp0001_img000083_1781082226876.jpg,risk_0_safe,model2_imgsz480,risk_0_safe,0.6523135900497437,True,False
sp0001_img000087_1781082228211.jpg,C:\Users\User\work\HDRT_FinalProject\image_detecting\model2\risk_dataset_aug\test\risk_0_safe\sp0001_img000087_1781082228211.jpg,risk_0_safe,model2_imgsz480,risk_0_safe,0.9960047602653503,True,False
sp0001_img000097_1781078302511.jpg,C:\Users\User\work\HDRT_FinalProject\image_detecting\model2\risk_dataset_aug\test\risk_0_safe\sp0001_img000097_1781078302511.jpg,risk_0_safe,model2_imgsz480,risk_0_safe,0.9875527620315552,True,False
sp0001_img000105_1781082234027.jpg,C:\Users\User\work\HDRT_FinalProject\image_detecting\model2\risk_dataset_aug\test\risk_0_safe\sp0001_img000105_1781082234027.jpg,risk_0_safe,model2_imgsz480,risk_0_safe,0.5739957690238953,True,False
sp0001_img000149_1781082246774.jpg,C:\Users\User\work\HDRT_FinalProject\image_detecting\model2\risk_dataset_aug\test\risk_0_safe\sp0001_img000149_1781082246774.jpg,risk_0_safe,model2_imgsz480,risk_0_safe,0.5926491022109985,True,False
sp0001_img000158_1781082249295.jpg,C:\Users\User\work\HDRT_FinalProject\image_detecting\model2\risk_dataset_aug\test\risk_0_safe\sp0001_img000158_1781082249295.jpg,risk_0_safe,model2_imgsz480,risk_0_safe,0.596908450126648,True,False
sp0001_img000176_1781082254839.jpg,C:\Users\User\work\HDRT_FinalProject\image_detecting\model2\risk_dataset_aug\test\risk_0_safe\sp0001_img000176_1781082254839.jpg,risk_0_safe,model2_imgsz480,risk_0_safe,0.5597487092018127,True,False
sp0001_img000177_1781082255090.jpg,C:\Users\User\work\HDRT_FinalProject\image_detecting\model2\risk_dataset_aug\test\risk_0_safe\sp0001_img000177_1781082255090.jpg,risk_0_safe,model2_imgsz480,risk_0_safe,0.5344325304031372,True,False
sp0001_img000179_1781082255650.jpg,C:\Users\User\work\HDRT_FinalProject\image_detecting\model2\risk_dataset_aug\test\risk_0_safe\sp0001_img000179_1781082255650.jpg,risk_0_safe,model2_imgsz480,risk_0_safe,0.5858191251754761,True,False
sp0001_img000221_1781082267980.jpg,C:\Users\User\work\HDRT_FinalProject\image_detecting\model2\risk_dataset_aug\test\risk_0_safe\sp0001_img000221_1781082267980.jpg,risk_0_safe,model2_imgsz480,risk_0_safe,0.6162327527999878,True,False
sp0001_img000228_1781082269942.jpg,C:\Users\User\work\HDRT_FinalProject\image_detecting\model2\risk_dataset_aug\test\risk_0_safe\sp0001_img000228_1781082269942.jpg,risk_0_safe,model2_imgsz480,risk_0_safe,0.9641805291175842,True,False
sp0001_img000260_1781082280320.jpg,C:\Users\User\work\HDRT_FinalProject\image_detecting\model2\risk_dataset_aug\test\risk_0_safe\sp0001_img000260_1781082280320.jpg,risk_0_safe,model2_imgsz480,risk_0_safe,0.9672807455062866,True,False
sp0001_img000266_1781082282229.jpg,C:\Users\User\work\HDRT_FinalProject\image_detecting\model2\risk_dataset_aug\test\risk_0_safe\sp0001_img000266_1781082282229.jpg,risk_0_safe,model2_imgsz480,risk_0_safe,0.553483247756958,True,False
sp0001_img000289_1781082288115.jpg,C:\Users\User\work\HDRT_FinalProject\image_detecting\model2\risk_dataset_aug\test\risk_0_safe\sp0001_img000289_1781082288115.jpg,risk_0_safe,model2_imgsz480,risk_1_low,0.9438311457633972,False,True
sp0001_img000299_1781082290736.jpg,C:\Users\User\work\HDRT_FinalProject\image_detecting\model2\risk_dataset_aug\test\risk_0_safe\sp0001_img000299_1781082290736.jpg,risk_0_safe,model2_imgsz480,risk_0_safe,0.9947382807731628,True,False
sp0001_img000343_1781082301902.jpg,C:\Users\User\work\HDRT_FinalProject\image_detecting\model2\risk_dataset_aug\test\risk_0_safe\sp0001_img000343_1781082301902.jpg,risk_0_safe,model2_imgsz480,risk_0_safe,0.9817416071891785,True,False
sp0001_img000364_1781082307477.jpg,C:\Users\User\work\HDRT_FinalProject\image_detecting\model2\risk_dataset_aug\test\risk_0_safe\sp0001_img000364_1781082307477.jpg,risk_0_safe,model2_imgsz480,risk_0_safe,0.6041212677955627,True,False
sp0001_img000366_1781082307993.jpg,C:\Users\User\work\HDRT_FinalProject\image_detecting\model2\risk_dataset_aug\test\risk_0_safe\sp0001_img000366_1781082307993.jpg,risk_0_safe,model2_imgsz480,risk_0_safe,0.8670425415039062,True,False
sp0001_img000373_1781082309833.jpg,C:\Users\User\work\HDRT_FinalProject\image_detecting\model2\risk_dataset_aug\test\risk_0_safe\sp0001_img000373_1781082309833.jpg,risk_0_safe,model2_imgsz480,risk_0_safe,0.9925326704978943,True,False
sp0001_img000375_1781082310377.jpg,C:\Users\User\work\HDRT_FinalProject\image_detecting\model2\risk_dataset_aug\test\risk_0_safe\sp0001_img000375_1781082310377.jpg,risk_0_safe,model2_imgsz480,risk_0_safe,0.9788594245910645,True,False
sp0001_img000399_1781082317619.jpg,C:\Users\User\work\HDRT_FinalProject\image_detecting\model2\risk_dataset_aug\test\risk_0_safe\sp0001_img000399_1781082317619.jpg,risk_0_safe,model2_imgsz480,risk_0_safe,0.9932796359062195,True,False
sp0001_img000400_1781082317860.jpg,C:\Users\User\work\HDRT_FinalProject\image_detecting\model2\risk_dataset_aug\test\risk_0_safe\sp0001_img000400_1781082317860.jpg,risk_0_safe,model2_imgsz480,risk_0_safe,0.9972152709960938,True,False
sp0002_img000039_1781082954556.jpg,C:\Users\User\work\HDRT_FinalProject\image_detecting\model2\risk_dataset_aug\test\risk_0_safe\sp0002_img000039_1781082954556.jpg,risk_0_safe,model2_imgsz480,risk_0_safe,0.9995824694633484,True,False
sp0002_img000041_1781082955260.jpg,C:\Users\User\work\HDRT_FinalProject\image_detecting\model2\risk_dataset_aug\test\risk_0_safe\sp0002_img000041_1781082955260.jpg,risk_0_safe,model2_imgsz480,risk_0_safe,0.9985674619674683,True,False
sp0002_img000066_1781082964904.jpg,C:\Users\User\work\HDRT_FinalProject\image_detecting\model2\risk_dataset_aug\test\risk_0_safe\sp0002_img000066_1781082964904.jpg,risk_0_safe,model2_imgsz480,risk_0_safe,0.9944487810134888,True,False
sp0002_img000084_1781082971880.jpg,C:\Users\User\work\HDRT_FinalProject\image_detecting\model2\risk_dataset_aug\test\risk_0_safe\sp0002_img000084_1781082971880.jpg,risk_0_safe,model2_imgsz480,risk_0_safe,0.9974426031112671,True,False
sp0002_img000131_1781082989400.jpg,C:\Users\User\work\HDRT_FinalProject\image_detecting\model2\risk_dataset_aug\test\risk_0_safe\sp0002_img000131_1781082989400.jpg,risk_0_safe,model2_imgsz480,risk_0_safe,0.9985028505325317,True,False
sp0002_img000181_1781083007087.jpg,C:\Users\User\work\HDRT_FinalProject\image_detecting\model2\risk_dataset_aug\test\risk_0_safe\sp0002_img000181_1781083007087.jpg,risk_0_safe,model2_imgsz480,risk_0_safe,0.5691620707511902,True,False
sp0002_img000197_1781083013351.jpg,C:\Users\User\work\HDRT_FinalProject\image_detecting\model2\risk_dataset_aug\test\risk_0_safe\sp0002_img000197_1781083013351.jpg,risk_0_safe,model2_imgsz480,risk_0_safe,0.9935339689254761,True,False
sp0002_img000200_1781083014292.jpg,C:\Users\User\work\HDRT_FinalProject\image_detecting\model2\risk_dataset_aug\test\risk_0_safe\sp0002_img000200_1781083014292.jpg,risk_0_safe,model2_imgsz480,risk_0_safe,0.9963790774345398,True,False
sp0002_img000205_1781083016062.jpg,C:\Users\User\work\HDRT_FinalProject\image_detecting\model2\risk_dataset_aug\test\risk_0_safe\sp0002_img000205_1781083016062.jpg,risk_0_safe,model2_imgsz480,risk_0_safe,0.992805540561676,True,False
sp0002_img000225_1781083023608.jpg,C:\Users\User\work\HDRT_FinalProject\image_detecting\model2\risk_dataset_aug\test\risk_0_safe\sp0002_img000225_1781083023608.jpg,risk_0_safe,model2_imgsz480,risk_0_safe,0.5884305238723755,True,False
sp0002_img000231_1781083025859.jpg,C:\Users\User\work\HDRT_FinalProject\image_detecting\model2\risk_dataset_aug\test\risk_0_safe\sp0002_img000231_1781083025859.jpg,risk_0_safe,model2_imgsz480,risk_0_safe,0.9977115392684937,True,False
sp0002_img000232_1781083026182.jpg,C:\Users\User\work\HDRT_FinalProject\image_detecting\model2\risk_dataset_aug\test\risk_0_safe\sp0002_img000232_1781083026182.jpg,risk_0_safe,model2_imgsz480,risk_0_safe,0.9982352256774902,True,False
sp0002_img000251_1781083032680.jpg,C:\Users\User\work\HDRT_FinalProject\image_detecting\model2\risk_dataset_aug\test\risk_0_safe\sp0002_img000251_1781083032680.jpg,risk_0_safe,model2_imgsz480,risk_0_safe,0.7247314453125,True,False
sp0002_img000312_1781083052887.jpg,C:\Users\User\work\HDRT_FinalProject\image_detecting\model2\risk_dataset_aug\test\risk_0_safe\sp0002_img000312_1781083052887.jpg,risk_0_safe,model2_imgsz480,risk_1_low,0.8174105286598206,False,True
sp0002_img000340_1781083062307.jpg,C:\Users\User\work\HDRT_FinalProject\image_detecting\model2\risk_dataset_aug\test\risk_0_safe\sp0002_img000340_1781083062307.jpg,risk_0_safe,model2_imgsz480,risk_2_high,0.9823877215385437,False,True
sp0002_img000363_1781083072131.jpg,C:\Users\User\work\HDRT_FinalProject\image_detecting\model2\risk_dataset_aug\test\risk_0_safe\sp0002_img000363_1781083072131.jpg,risk_0_safe,model2_imgsz480,risk_0_safe,0.6101564764976501,True,False
sp0002_img000375_1781083077409.jpg,C:\Users\User\work\HDRT_FinalProject\image_detecting\model2\risk_dataset_aug\test\risk_0_safe\sp0002_img000375_1781083077409.jpg,risk_0_safe,model2_imgsz480,risk_0_safe,0.9944819211959839,True,False
sp0002_img000378_1781083078849.jpg,C:\Users\User\work\HDRT_FinalProject\image_detecting\model2\risk_dataset_aug\test\risk_0_safe\sp0002_img000378_1781083078849.jpg,risk_0_safe,model2_imgsz480,risk_0_safe,0.9939846396446228,True,False
sp0002_img000379_1781083079255.jpg,C:\Users\User\work\HDRT_FinalProject\image_detecting\model2\risk_dataset_aug\test\risk_0_safe\sp0002_img000379_1781083079255.jpg,risk_0_safe,model2_imgsz480,risk_1_low,0.5651466846466064,False,True
sp0001_img000014_1781078280350.jpg,C:\Users\User\work\HDRT_FinalProject\image_detecting\model2\risk_dataset_aug\test\risk_1_low\sp0001_img000014_1781078280350.jpg,risk_1_low,model2_imgsz480,risk_1_low,0.7460802793502808,True,False
sp0001_img000061_1781078292957.jpg,C:\Users\User\work\HDRT_FinalProject\image_detecting\model2\risk_dataset_aug\test\risk_1_low\sp0001_img000061_1781078292957.jpg,risk_1_low,model2_imgsz480,risk_1_low,0.8657893538475037,True,False
sp0001_img000063_1781082220076.jpg,C:\Users\User\work\HDRT_FinalProject\image_detecting\model2\risk_dataset_aug\test\risk_1_low\sp0001_img000063_1781082220076.jpg,risk_1_low,model2_imgsz480,risk_0_safe,0.9856622815132141,False,True
sp0001_img000089_1781082228930.jpg,C:\Users\User\work\HDRT_FinalProject\image_detecting\model2\risk_dataset_aug\test\risk_1_low\sp0001_img000089_1781082228930.jpg,risk_1_low,model2_imgsz480,risk_1_low,0.8902814984321594,True,False
sp0001_img000090_1781082229225.jpg,C:\Users\User\work\HDRT_FinalProject\image_detecting\model2\risk_dataset_aug\test\risk_1_low\sp0001_img000090_1781082229225.jpg,risk_1_low,model2_imgsz480,risk_1_low,0.9705561399459839,True,False
sp0001_img000103_1781082233442.jpg,C:\Users\User\work\HDRT_FinalProject\image_detecting\model2\risk_dataset_aug\test\risk_1_low\sp0001_img000103_1781082233442.jpg,risk_1_low,model2_imgsz480,risk_2_high,0.8479096293449402,False,True
sp0001_img000130_1781082241525.jpg,C:\Users\User\work\HDRT_FinalProject\image_detecting\model2\risk_dataset_aug\test\risk_1_low\sp0001_img000130_1781082241525.jpg,risk_1_low,model2_imgsz480,risk_0_safe,0.6032667756080627,False,True
sp0001_img000172_1781082253468.jpg,C:\Users\User\work\HDRT_FinalProject\image_detecting\model2\risk_dataset_aug\test\risk_1_low\sp0001_img000172_1781082253468.jpg,risk_1_low,model2_imgsz480,risk_0_safe,0.575296938419342,False,True
sp0001_img000284_1781082286900.jpg,C:\Users\User\work\HDRT_FinalProject\image_detecting\model2\risk_dataset_aug\test\risk_1_low\sp0001_img000284_1781082286900.jpg,risk_1_low,model2_imgsz480,risk_1_low,0.8258054852485657,True,False
sp0001_img000317_1781082295262.jpg,C:\Users\User\work\HDRT_FinalProject\image_detecting\model2\risk_dataset_aug\test\risk_1_low\sp0001_img000317_1781082295262.jpg,risk_1_low,model2_imgsz480,risk_1_low,0.9802919030189514,True,False
sp0001_img000350_1781082303741.jpg,C:\Users\User\work\HDRT_FinalProject\image_detecting\model2\risk_dataset_aug\test\risk_1_low\sp0001_img000350_1781082303741.jpg,risk_1_low,model2_imgsz480,risk_1_low,0.981433093547821,True,False
sp0001_img000383_1781082312940.jpg,C:\Users\User\work\HDRT_FinalProject\image_detecting\model2\risk_dataset_aug\test\risk_1_low\sp0001_img000383_1781082312940.jpg,risk_1_low,model2_imgsz480,risk_1_low,0.9272271990776062,True,False
sp0001_img000412_1781082321339.jpg,C:\Users\User\work\HDRT_FinalProject\image_detecting\model2\risk_dataset_aug\test\risk_1_low\sp0001_img000412_1781082321339.jpg,risk_1_low,model2_imgsz480,risk_1_low,0.9920769929885864,True,False
sp0001_img000425_1781082324919.jpg,C:\Users\User\work\HDRT_FinalProject\image_detecting\model2\risk_dataset_aug\test\risk_1_low\sp0001_img000425_1781082324919.jpg,risk_1_low,model2_imgsz480,risk_1_low,0.9734416604042053,True,False
sp0002_img000073_1781082967580.jpg,C:\Users\User\work\HDRT_FinalProject\image_detecting\model2\risk_dataset_aug\test\risk_1_low\sp0002_img000073_1781082967580.jpg,risk_1_low,model2_imgsz480,risk_1_low,0.9112911224365234,True,False
sp0002_img000091_1781082974602.jpg,C:\Users\User\work\HDRT_FinalProject\image_detecting\model2\risk_dataset_aug\test\risk_1_low\sp0002_img000091_1781082974602.jpg,risk_1_low,model2_imgsz480,risk_0_safe,0.444980263710022,False,True
sp0002_img000185_1781083008742.jpg,C:\Users\User\work\HDRT_FinalProject\image_detecting\model2\risk_dataset_aug\test\risk_1_low\sp0002_img000185_1781083008742.jpg,risk_1_low,model2_imgsz480,risk_1_low,0.5451095700263977,True,False
sp0002_img000212_1781083018646.jpg,C:\Users\User\work\HDRT_FinalProject\image_detecting\model2\risk_dataset_aug\test\risk_1_low\sp0002_img000212_1781083018646.jpg,risk_1_low,model2_imgsz480,risk_1_low,0.9040901064872742,True,False
sp0002_img000263_1781083037549.jpg,C:\Users\User\work\HDRT_FinalProject\image_detecting\model2\risk_dataset_aug\test\risk_1_low\sp0002_img000263_1781083037549.jpg,risk_1_low,model2_imgsz480,risk_2_high,0.43954458832740784,False,True
sp0002_img000297_1781083048634.jpg,C:\Users\User\work\HDRT_FinalProject\image_detecting\model2\risk_dataset_aug\test\risk_1_low\sp0002_img000297_1781083048634.jpg,risk_1_low,model2_imgsz480,risk_0_safe,0.4865370988845825,False,True
sp0002_img000299_1781083049267.jpg,C:\Users\User\work\HDRT_FinalProject\image_detecting\model2\risk_dataset_aug\test\risk_1_low\sp0002_img000299_1781083049267.jpg,risk_1_low,model2_imgsz480,risk_0_safe,0.5692891478538513,False,True
sp0002_img000308_1781083051829.jpg,C:\Users\User\work\HDRT_FinalProject\image_detecting\model2\risk_dataset_aug\test\risk_1_low\sp0002_img000308_1781083051829.jpg,risk_1_low,model2_imgsz480,risk_0_safe,0.5057095289230347,False,True
sp0002_img000366_1781083073572.jpg,C:\Users\User\work\HDRT_FinalProject\image_detecting\model2\risk_dataset_aug\test\risk_1_low\sp0002_img000366_1781083073572.jpg,risk_1_low,model2_imgsz480,risk_0_safe,0.6082248687744141,False,True
sp0002_img000390_1781083084266.jpg,C:\Users\User\work\HDRT_FinalProject\image_detecting\model2\risk_dataset_aug\test\risk_1_low\sp0002_img000390_1781083084266.jpg,risk_1_low,model2_imgsz480,risk_1_low,0.7594459652900696,True,False
sp0001_img000002_1781078277435.jpg,C:\Users\User\work\HDRT_FinalProject\image_detecting\model2\risk_dataset_aug\test\risk_2_high\sp0001_img000002_1781078277435.jpg,risk_2_high,model2_imgsz480,risk_2_high,0.9999703168869019,True,False
sp0001_img000011_1781078279591.jpg,C:\Users\User\work\HDRT_FinalProject\image_detecting\model2\risk_dataset_aug\test\risk_2_high\sp0001_img000011_1781078279591.jpg,risk_2_high,model2_imgsz480,risk_2_high,0.7000125646591187,True,False
sp0001_img000042_1781078287961.jpg,C:\Users\User\work\HDRT_FinalProject\image_detecting\model2\risk_dataset_aug\test\risk_2_high\sp0001_img000042_1781078287961.jpg,risk_2_high,model2_imgsz480,risk_1_low,0.9866631627082825,False,True
sp0001_img000043_1781082213333.jpg,C:\Users\User\work\HDRT_FinalProject\image_detecting\model2\risk_dataset_aug\test\risk_2_high\sp0001_img000043_1781082213333.jpg,risk_2_high,model2_imgsz480,risk_2_high,0.9988037347793579,True,False
sp0001_img000069_1781078295079.jpg,C:\Users\User\work\HDRT_FinalProject\image_detecting\model2\risk_dataset_aug\test\risk_2_high\sp0001_img000069_1781078295079.jpg,risk_2_high,model2_imgsz480,risk_0_safe,0.5840878486633301,False,True
sp0001_img000069_1781082222152.jpg,C:\Users\User\work\HDRT_FinalProject\image_detecting\model2\risk_dataset_aug\test\risk_2_high\sp0001_img000069_1781082222152.jpg,risk_2_high,model2_imgsz480,risk_2_high,0.9959290623664856,True,False
sp0001_img000112_1781078306814.jpg,C:\Users\User\work\HDRT_FinalProject\image_detecting\model2\risk_dataset_aug\test\risk_2_high\sp0001_img000112_1781078306814.jpg,risk_2_high,model2_imgsz480,risk_2_high,0.997931957244873,True,False
sp0001_img000113_1781078307085.jpg,C:\Users\User\work\HDRT_FinalProject\image_detecting\model2\risk_dataset_aug\test\risk_2_high\sp0001_img000113_1781078307085.jpg,risk_2_high,model2_imgsz480,risk_2_high,0.998434841632843,True,False
sp0001_img000164_1781082251123.jpg,C:\Users\User\work\HDRT_FinalProject\image_detecting\model2\risk_dataset_aug\test\risk_2_high\sp0001_img000164_1781082251123.jpg,risk_2_high,model2_imgsz480,risk_1_low,0.47645115852355957,False,True
sp0001_img000168_1781082252417.jpg,C:\Users\User\work\HDRT_FinalProject\image_detecting\model2\risk_dataset_aug\test\risk_2_high\sp0001_img000168_1781082252417.jpg,risk_2_high,model2_imgsz480,risk_0_safe,0.43562066555023193,False,True
sp0001_img000216_1781082266936.jpg,C:\Users\User\work\HDRT_FinalProject\image_detecting\model2\risk_dataset_aug\test\risk_2_high\sp0001_img000216_1781082266936.jpg,risk_2_high,model2_imgsz480,risk_0_safe,0.5432463884353638,False,True
sp0001_img000239_1781082273347.jpg,C:\Users\User\work\HDRT_FinalProject\image_detecting\model2\risk_dataset_aug\test\risk_2_high\sp0001_img000239_1781082273347.jpg,risk_2_high,model2_imgsz480,risk_2_high,0.9942790269851685,True,False
sp0001_img000242_1781082274375.jpg,C:\Users\User\work\HDRT_FinalProject\image_detecting\model2\risk_dataset_aug\test\risk_2_high\sp0001_img000242_1781082274375.jpg,risk_2_high,model2_imgsz480,risk_2_high,0.9979313611984253,True,False
sp0001_img000245_1781082275258.jpg,C:\Users\User\work\HDRT_FinalProject\image_detecting\model2\risk_dataset_aug\test\risk_2_high\sp0001_img000245_1781082275258.jpg,risk_2_high,model2_imgsz480,risk_2_high,0.9996949434280396,True,False
sp0001_img000356_1781082305401.jpg,C:\Users\User\work\HDRT_FinalProject\image_detecting\model2\risk_dataset_aug\test\risk_2_high\sp0001_img000356_1781082305401.jpg,risk_2_high,model2_imgsz480,risk_2_high,0.9999226331710815,True,False
sp0001_img000360_1781082306307.jpg,C:\Users\User\work\HDRT_FinalProject\image_detecting\model2\risk_dataset_aug\test\risk_2_high\sp0001_img000360_1781082306307.jpg,risk_2_high,model2_imgsz480,risk_2_high,0.9771271347999573,True,False
sp0001_img000387_1781082314322.jpg,C:\Users\User\work\HDRT_FinalProject\image_detecting\model2\risk_dataset_aug\test\risk_2_high\sp0001_img000387_1781082314322.jpg,risk_2_high,model2_imgsz480,risk_2_high,0.9995114803314209,True,False
sp0001_img000414_1781082321866.jpg,C:\Users\User\work\HDRT_FinalProject\image_detecting\model2\risk_dataset_aug\test\risk_2_high\sp0001_img000414_1781082321866.jpg,risk_2_high,model2_imgsz480,risk_2_high,0.9994096755981445,True,False
sp0002_img000053_1781082959893.jpg,C:\Users\User\work\HDRT_FinalProject\image_detecting\model2\risk_dataset_aug\test\risk_2_high\sp0002_img000053_1781082959893.jpg,risk_2_high,model2_imgsz480,risk_2_high,0.9998294115066528,True,False
sp0002_img000093_1781082975278.jpg,C:\Users\User\work\HDRT_FinalProject\image_detecting\model2\risk_dataset_aug\test\risk_2_high\sp0002_img000093_1781082975278.jpg,risk_2_high,model2_imgsz480,risk_2_high,0.9981427192687988,True,False
sp0002_img000094_1781082975818.jpg,C:\Users\User\work\HDRT_FinalProject\image_detecting\model2\risk_dataset_aug\test\risk_2_high\sp0002_img000094_1781082975818.jpg,risk_2_high,model2_imgsz480,risk_2_high,0.9992120265960693,True,False
sp0002_img000095_1781082976274.jpg,C:\Users\User\work\HDRT_FinalProject\image_detecting\model2\risk_dataset_aug\test\risk_2_high\sp0002_img000095_1781082976274.jpg,risk_2_high,model2_imgsz480,risk_2_high,0.9930887818336487,True,False
sp0002_img000117_1781082984595.jpg,C:\Users\User\work\HDRT_FinalProject\image_detecting\model2\risk_dataset_aug\test\risk_2_high\sp0002_img000117_1781082984595.jpg,risk_2_high,model2_imgsz480,risk_2_high,0.9992707371711731,True,False
sp0002_img000140_1781082992437.jpg,C:\Users\User\work\HDRT_FinalProject\image_detecting\model2\risk_dataset_aug\test\risk_2_high\sp0002_img000140_1781082992437.jpg,risk_2_high,model2_imgsz480,risk_2_high,0.9959549903869629,True,False
sp0002_img000168_1781083002572.jpg,C:\Users\User\work\HDRT_FinalProject\image_detecting\model2\risk_dataset_aug\test\risk_2_high\sp0002_img000168_1781083002572.jpg,risk_2_high,model2_imgsz480,risk_2_high,0.9985900521278381,True,False
sp0002_img000216_1781083020224.jpg,C:\Users\User\work\HDRT_FinalProject\image_detecting\model2\risk_dataset_aug\test\risk_2_high\sp0002_img000216_1781083020224.jpg,risk_2_high,model2_imgsz480,risk_2_high,0.997028648853302,True,False
sp0002_img000217_1781083020560.jpg,C:\Users\User\work\HDRT_FinalProject\image_detecting\model2\risk_dataset_aug\test\risk_2_high\sp0002_img000217_1781083020560.jpg,risk_2_high,model2_imgsz480,risk_2_high,0.998530387878418,True,False
sp0002_img000300_1781083049515.jpg,C:\Users\User\work\HDRT_FinalProject\image_detecting\model2\risk_dataset_aug\test\risk_2_high\sp0002_img000300_1781083049515.jpg,risk_2_high,model2_imgsz480,risk_0_safe,0.4140082895755768,False,True
sp0002_img000348_1781083065664.jpg,C:\Users\User\work\HDRT_FinalProject\image_detecting\model2\risk_dataset_aug\test\risk_2_high\sp0002_img000348_1781083065664.jpg,risk_2_high,model2_imgsz480,risk_2_high,0.9999562501907349,True,False
sp0002_img000370_1781083075286.jpg,C:\Users\User\work\HDRT_FinalProject\image_detecting\model2\risk_dataset_aug\test\risk_2_high\sp0002_img000370_1781083075286.jpg,risk_2_high,model2_imgsz480,risk_2_high,0.9369899034500122,True,False
sp0001_img000019_1781078281526.jpg,C:\Users\User\work\HDRT_FinalProject\image_detecting\model2\risk_dataset_aug\test\risk_0_safe\sp0001_img000019_1781078281526.jpg,risk_0_safe,model2_imgsz520,risk_0_safe,0.9991455078125,True,False
sp0001_img000028_1781078283885.jpg,C:\Users\User\work\HDRT_FinalProject\image_detecting\model2\risk_dataset_aug\test\risk_0_safe\sp0001_img000028_1781078283885.jpg,risk_0_safe,model2_imgsz520,risk_0_safe,0.9998990297317505,True,False
sp0001_img000028_1781082208112.jpg,C:\Users\User\work\HDRT_FinalProject\image_detecting\model2\risk_dataset_aug\test\risk_0_safe\sp0001_img000028_1781082208112.jpg,risk_0_safe,model2_imgsz520,risk_0_safe,0.9491861462593079,True,False
sp0001_img000029_1781082208425.jpg,C:\Users\User\work\HDRT_FinalProject\image_detecting\model2\risk_dataset_aug\test\risk_0_safe\sp0001_img000029_1781082208425.jpg,risk_0_safe,model2_imgsz520,risk_0_safe,0.9877561330795288,True,False
sp0001_img000030_1781078284558.jpg,C:\Users\User\work\HDRT_FinalProject\image_detecting\model2\risk_dataset_aug\test\risk_0_safe\sp0001_img000030_1781078284558.jpg,risk_0_safe,model2_imgsz520,risk_0_safe,0.9991912245750427,True,False
sp0001_img000035_1781082210431.jpg,C:\Users\User\work\HDRT_FinalProject\image_detecting\model2\risk_dataset_aug\test\risk_0_safe\sp0001_img000035_1781082210431.jpg,risk_0_safe,model2_imgsz520,risk_0_safe,0.9994082450866699,True,False
sp0001_img000057_1781078292044.jpg,C:\Users\User\work\HDRT_FinalProject\image_detecting\model2\risk_dataset_aug\test\risk_0_safe\sp0001_img000057_1781078292044.jpg,risk_0_safe,model2_imgsz520,risk_0_safe,0.992682158946991,True,False
sp0001_img000059_1781082218734.jpg,C:\Users\User\work\HDRT_FinalProject\image_detecting\model2\risk_dataset_aug\test\risk_0_safe\sp0001_img000059_1781082218734.jpg,risk_0_safe,model2_imgsz520,risk_0_safe,0.9978244304656982,True,False
sp0001_img000062_1781082219769.jpg,C:\Users\User\work\HDRT_FinalProject\image_detecting\model2\risk_dataset_aug\test\risk_0_safe\sp0001_img000062_1781082219769.jpg,risk_0_safe,model2_imgsz520,risk_0_safe,0.9364412426948547,True,False
sp0001_img000075_1781082224175.jpg,C:\Users\User\work\HDRT_FinalProject\image_detecting\model2\risk_dataset_aug\test\risk_0_safe\sp0001_img000075_1781082224175.jpg,risk_0_safe,model2_imgsz520,risk_0_safe,0.548861563205719,True,False
sp0001_img000078_1781078297278.jpg,C:\Users\User\work\HDRT_FinalProject\image_detecting\model2\risk_dataset_aug\test\risk_0_safe\sp0001_img000078_1781078297278.jpg,risk_0_safe,model2_imgsz520,risk_0_safe,0.8968382477760315,True,False
sp0001_img000080_1781082225834.jpg,C:\Users\User\work\HDRT_FinalProject\image_detecting\model2\risk_dataset_aug\test\risk_0_safe\sp0001_img000080_1781082225834.jpg,risk_0_safe,model2_imgsz520,risk_0_safe,0.5810309648513794,True,False
sp0001_img000083_1781082226876.jpg,C:\Users\User\work\HDRT_FinalProject\image_detecting\model2\risk_dataset_aug\test\risk_0_safe\sp0001_img000083_1781082226876.jpg,risk_0_safe,model2_imgsz520,risk_0_safe,0.5693816542625427,True,False
sp0001_img000087_1781082228211.jpg,C:\Users\User\work\HDRT_FinalProject\image_detecting\model2\risk_dataset_aug\test\risk_0_safe\sp0001_img000087_1781082228211.jpg,risk_0_safe,model2_imgsz520,risk_0_safe,0.9713633060455322,True,False
sp0001_img000097_1781078302511.jpg,C:\Users\User\work\HDRT_FinalProject\image_detecting\model2\risk_dataset_aug\test\risk_0_safe\sp0001_img000097_1781078302511.jpg,risk_0_safe,model2_imgsz520,risk_1_low,0.7260797619819641,False,True
sp0001_img000105_1781082234027.jpg,C:\Users\User\work\HDRT_FinalProject\image_detecting\model2\risk_dataset_aug\test\risk_0_safe\sp0001_img000105_1781082234027.jpg,risk_0_safe,model2_imgsz520,risk_0_safe,0.5812066793441772,True,False
sp0001_img000149_1781082246774.jpg,C:\Users\User\work\HDRT_FinalProject\image_detecting\model2\risk_dataset_aug\test\risk_0_safe\sp0001_img000149_1781082246774.jpg,risk_0_safe,model2_imgsz520,risk_0_safe,0.5662004947662354,True,False
sp0001_img000158_1781082249295.jpg,C:\Users\User\work\HDRT_FinalProject\image_detecting\model2\risk_dataset_aug\test\risk_0_safe\sp0001_img000158_1781082249295.jpg,risk_0_safe,model2_imgsz520,risk_0_safe,0.577264666557312,True,False
sp0001_img000176_1781082254839.jpg,C:\Users\User\work\HDRT_FinalProject\image_detecting\model2\risk_dataset_aug\test\risk_0_safe\sp0001_img000176_1781082254839.jpg,risk_0_safe,model2_imgsz520,risk_0_safe,0.6011624336242676,True,False
sp0001_img000177_1781082255090.jpg,C:\Users\User\work\HDRT_FinalProject\image_detecting\model2\risk_dataset_aug\test\risk_0_safe\sp0001_img000177_1781082255090.jpg,risk_0_safe,model2_imgsz520,risk_0_safe,0.7129994630813599,True,False
sp0001_img000179_1781082255650.jpg,C:\Users\User\work\HDRT_FinalProject\image_detecting\model2\risk_dataset_aug\test\risk_0_safe\sp0001_img000179_1781082255650.jpg,risk_0_safe,model2_imgsz520,risk_0_safe,0.5757459402084351,True,False
sp0001_img000221_1781082267980.jpg,C:\Users\User\work\HDRT_FinalProject\image_detecting\model2\risk_dataset_aug\test\risk_0_safe\sp0001_img000221_1781082267980.jpg,risk_0_safe,model2_imgsz520,risk_2_high,0.4441481828689575,False,True
sp0001_img000228_1781082269942.jpg,C:\Users\User\work\HDRT_FinalProject\image_detecting\model2\risk_dataset_aug\test\risk_0_safe\sp0001_img000228_1781082269942.jpg,risk_0_safe,model2_imgsz520,risk_0_safe,0.9998599290847778,True,False
sp0001_img000260_1781082280320.jpg,C:\Users\User\work\HDRT_FinalProject\image_detecting\model2\risk_dataset_aug\test\risk_0_safe\sp0001_img000260_1781082280320.jpg,risk_0_safe,model2_imgsz520,risk_0_safe,0.9466010332107544,True,False
sp0001_img000266_1781082282229.jpg,C:\Users\User\work\HDRT_FinalProject\image_detecting\model2\risk_dataset_aug\test\risk_0_safe\sp0001_img000266_1781082282229.jpg,risk_0_safe,model2_imgsz520,risk_0_safe,0.6349676251411438,True,False
sp0001_img000289_1781082288115.jpg,C:\Users\User\work\HDRT_FinalProject\image_detecting\model2\risk_dataset_aug\test\risk_0_safe\sp0001_img000289_1781082288115.jpg,risk_0_safe,model2_imgsz520,risk_0_safe,0.6538792848587036,True,False
sp0001_img000299_1781082290736.jpg,C:\Users\User\work\HDRT_FinalProject\image_detecting\model2\risk_dataset_aug\test\risk_0_safe\sp0001_img000299_1781082290736.jpg,risk_0_safe,model2_imgsz520,risk_0_safe,0.9995381832122803,True,False
sp0001_img000343_1781082301902.jpg,C:\Users\User\work\HDRT_FinalProject\image_detecting\model2\risk_dataset_aug\test\risk_0_safe\sp0001_img000343_1781082301902.jpg,risk_0_safe,model2_imgsz520,risk_0_safe,0.9989250302314758,True,False
sp0001_img000364_1781082307477.jpg,C:\Users\User\work\HDRT_FinalProject\image_detecting\model2\risk_dataset_aug\test\risk_0_safe\sp0001_img000364_1781082307477.jpg,risk_0_safe,model2_imgsz520,risk_0_safe,0.4587283730506897,True,False
sp0001_img000366_1781082307993.jpg,C:\Users\User\work\HDRT_FinalProject\image_detecting\model2\risk_dataset_aug\test\risk_0_safe\sp0001_img000366_1781082307993.jpg,risk_0_safe,model2_imgsz520,risk_0_safe,0.5499985814094543,True,False
sp0001_img000373_1781082309833.jpg,C:\Users\User\work\HDRT_FinalProject\image_detecting\model2\risk_dataset_aug\test\risk_0_safe\sp0001_img000373_1781082309833.jpg,risk_0_safe,model2_imgsz520,risk_0_safe,0.998310923576355,True,False
sp0001_img000375_1781082310377.jpg,C:\Users\User\work\HDRT_FinalProject\image_detecting\model2\risk_dataset_aug\test\risk_0_safe\sp0001_img000375_1781082310377.jpg,risk_0_safe,model2_imgsz520,risk_0_safe,0.997631311416626,True,False
sp0001_img000399_1781082317619.jpg,C:\Users\User\work\HDRT_FinalProject\image_detecting\model2\risk_dataset_aug\test\risk_0_safe\sp0001_img000399_1781082317619.jpg,risk_0_safe,model2_imgsz520,risk_0_safe,0.9999533891677856,True,False
sp0001_img000400_1781082317860.jpg,C:\Users\User\work\HDRT_FinalProject\image_detecting\model2\risk_dataset_aug\test\risk_0_safe\sp0001_img000400_1781082317860.jpg,risk_0_safe,model2_imgsz520,risk_0_safe,0.999984622001648,True,False
sp0002_img000039_1781082954556.jpg,C:\Users\User\work\HDRT_FinalProject\image_detecting\model2\risk_dataset_aug\test\risk_0_safe\sp0002_img000039_1781082954556.jpg,risk_0_safe,model2_imgsz520,risk_0_safe,0.9999165534973145,True,False
sp0002_img000041_1781082955260.jpg,C:\Users\User\work\HDRT_FinalProject\image_detecting\model2\risk_dataset_aug\test\risk_0_safe\sp0002_img000041_1781082955260.jpg,risk_0_safe,model2_imgsz520,risk_0_safe,0.9999688863754272,True,False
sp0002_img000066_1781082964904.jpg,C:\Users\User\work\HDRT_FinalProject\image_detecting\model2\risk_dataset_aug\test\risk_0_safe\sp0002_img000066_1781082964904.jpg,risk_0_safe,model2_imgsz520,risk_0_safe,0.9975433945655823,True,False
sp0002_img000084_1781082971880.jpg,C:\Users\User\work\HDRT_FinalProject\image_detecting\model2\risk_dataset_aug\test\risk_0_safe\sp0002_img000084_1781082971880.jpg,risk_0_safe,model2_imgsz520,risk_0_safe,0.9396506547927856,True,False
sp0002_img000131_1781082989400.jpg,C:\Users\User\work\HDRT_FinalProject\image_detecting\model2\risk_dataset_aug\test\risk_0_safe\sp0002_img000131_1781082989400.jpg,risk_0_safe,model2_imgsz520,risk_0_safe,0.9999488592147827,True,False
sp0002_img000181_1781083007087.jpg,C:\Users\User\work\HDRT_FinalProject\image_detecting\model2\risk_dataset_aug\test\risk_0_safe\sp0002_img000181_1781083007087.jpg,risk_0_safe,model2_imgsz520,risk_0_safe,0.46076691150665283,True,False
sp0002_img000197_1781083013351.jpg,C:\Users\User\work\HDRT_FinalProject\image_detecting\model2\risk_dataset_aug\test\risk_0_safe\sp0002_img000197_1781083013351.jpg,risk_0_safe,model2_imgsz520,risk_0_safe,0.9957395792007446,True,False
sp0002_img000200_1781083014292.jpg,C:\Users\User\work\HDRT_FinalProject\image_detecting\model2\risk_dataset_aug\test\risk_0_safe\sp0002_img000200_1781083014292.jpg,risk_0_safe,model2_imgsz520,risk_0_safe,0.9998552799224854,True,False
sp0002_img000205_1781083016062.jpg,C:\Users\User\work\HDRT_FinalProject\image_detecting\model2\risk_dataset_aug\test\risk_0_safe\sp0002_img000205_1781083016062.jpg,risk_0_safe,model2_imgsz520,risk_0_safe,0.9998756647109985,True,False
sp0002_img000225_1781083023608.jpg,C:\Users\User\work\HDRT_FinalProject\image_detecting\model2\risk_dataset_aug\test\risk_0_safe\sp0002_img000225_1781083023608.jpg,risk_0_safe,model2_imgsz520,risk_0_safe,0.5104888081550598,True,False
sp0002_img000231_1781083025859.jpg,C:\Users\User\work\HDRT_FinalProject\image_detecting\model2\risk_dataset_aug\test\risk_0_safe\sp0002_img000231_1781083025859.jpg,risk_0_safe,model2_imgsz520,risk_0_safe,0.9975148439407349,True,False
sp0002_img000232_1781083026182.jpg,C:\Users\User\work\HDRT_FinalProject\image_detecting\model2\risk_dataset_aug\test\risk_0_safe\sp0002_img000232_1781083026182.jpg,risk_0_safe,model2_imgsz520,risk_0_safe,0.996132493019104,True,False
sp0002_img000251_1781083032680.jpg,C:\Users\User\work\HDRT_FinalProject\image_detecting\model2\risk_dataset_aug\test\risk_0_safe\sp0002_img000251_1781083032680.jpg,risk_0_safe,model2_imgsz520,risk_0_safe,0.520172119140625,True,False
sp0002_img000312_1781083052887.jpg,C:\Users\User\work\HDRT_FinalProject\image_detecting\model2\risk_dataset_aug\test\risk_0_safe\sp0002_img000312_1781083052887.jpg,risk_0_safe,model2_imgsz520,risk_2_high,0.6319338083267212,False,True
sp0002_img000340_1781083062307.jpg,C:\Users\User\work\HDRT_FinalProject\image_detecting\model2\risk_dataset_aug\test\risk_0_safe\sp0002_img000340_1781083062307.jpg,risk_0_safe,model2_imgsz520,risk_0_safe,0.534679651260376,True,False
sp0002_img000363_1781083072131.jpg,C:\Users\User\work\HDRT_FinalProject\image_detecting\model2\risk_dataset_aug\test\risk_0_safe\sp0002_img000363_1781083072131.jpg,risk_0_safe,model2_imgsz520,risk_1_low,0.46353858709335327,False,True
sp0002_img000375_1781083077409.jpg,C:\Users\User\work\HDRT_FinalProject\image_detecting\model2\risk_dataset_aug\test\risk_0_safe\sp0002_img000375_1781083077409.jpg,risk_0_safe,model2_imgsz520,risk_0_safe,0.9720240235328674,True,False
sp0002_img000378_1781083078849.jpg,C:\Users\User\work\HDRT_FinalProject\image_detecting\model2\risk_dataset_aug\test\risk_0_safe\sp0002_img000378_1781083078849.jpg,risk_0_safe,model2_imgsz520,risk_0_safe,0.9998716115951538,True,False
sp0002_img000379_1781083079255.jpg,C:\Users\User\work\HDRT_FinalProject\image_detecting\model2\risk_dataset_aug\test\risk_0_safe\sp0002_img000379_1781083079255.jpg,risk_0_safe,model2_imgsz520,risk_0_safe,0.9998639822006226,True,False
sp0001_img000014_1781078280350.jpg,C:\Users\User\work\HDRT_FinalProject\image_detecting\model2\risk_dataset_aug\test\risk_1_low\sp0001_img000014_1781078280350.jpg,risk_1_low,model2_imgsz520,risk_1_low,0.8377934694290161,True,False
sp0001_img000061_1781078292957.jpg,C:\Users\User\work\HDRT_FinalProject\image_detecting\model2\risk_dataset_aug\test\risk_1_low\sp0001_img000061_1781078292957.jpg,risk_1_low,model2_imgsz520,risk_1_low,0.9157029986381531,True,False
sp0001_img000063_1781082220076.jpg,C:\Users\User\work\HDRT_FinalProject\image_detecting\model2\risk_dataset_aug\test\risk_1_low\sp0001_img000063_1781082220076.jpg,risk_1_low,model2_imgsz520,risk_0_safe,0.49420592188835144,False,True
sp0001_img000089_1781082228930.jpg,C:\Users\User\work\HDRT_FinalProject\image_detecting\model2\risk_dataset_aug\test\risk_1_low\sp0001_img000089_1781082228930.jpg,risk_1_low,model2_imgsz520,risk_1_low,0.9461991190910339,True,False
sp0001_img000090_1781082229225.jpg,C:\Users\User\work\HDRT_FinalProject\image_detecting\model2\risk_dataset_aug\test\risk_1_low\sp0001_img000090_1781082229225.jpg,risk_1_low,model2_imgsz520,risk_1_low,0.944732129573822,True,False
sp0001_img000103_1781082233442.jpg,C:\Users\User\work\HDRT_FinalProject\image_detecting\model2\risk_dataset_aug\test\risk_1_low\sp0001_img000103_1781082233442.jpg,risk_1_low,model2_imgsz520,risk_0_safe,0.4778944253921509,False,True
sp0001_img000130_1781082241525.jpg,C:\Users\User\work\HDRT_FinalProject\image_detecting\model2\risk_dataset_aug\test\risk_1_low\sp0001_img000130_1781082241525.jpg,risk_1_low,model2_imgsz520,risk_0_safe,0.5767677426338196,False,True
sp0001_img000172_1781082253468.jpg,C:\Users\User\work\HDRT_FinalProject\image_detecting\model2\risk_dataset_aug\test\risk_1_low\sp0001_img000172_1781082253468.jpg,risk_1_low,model2_imgsz520,risk_0_safe,0.5756586194038391,False,True
sp0001_img000284_1781082286900.jpg,C:\Users\User\work\HDRT_FinalProject\image_detecting\model2\risk_dataset_aug\test\risk_1_low\sp0001_img000284_1781082286900.jpg,risk_1_low,model2_imgsz520,risk_1_low,0.5039608478546143,True,False
sp0001_img000317_1781082295262.jpg,C:\Users\User\work\HDRT_FinalProject\image_detecting\model2\risk_dataset_aug\test\risk_1_low\sp0001_img000317_1781082295262.jpg,risk_1_low,model2_imgsz520,risk_1_low,0.9971953630447388,True,False
sp0001_img000350_1781082303741.jpg,C:\Users\User\work\HDRT_FinalProject\image_detecting\model2\risk_dataset_aug\test\risk_1_low\sp0001_img000350_1781082303741.jpg,risk_1_low,model2_imgsz520,risk_1_low,0.9994276165962219,True,False
sp0001_img000383_1781082312940.jpg,C:\Users\User\work\HDRT_FinalProject\image_detecting\model2\risk_dataset_aug\test\risk_1_low\sp0001_img000383_1781082312940.jpg,risk_1_low,model2_imgsz520,risk_1_low,0.9979637861251831,True,False
sp0001_img000412_1781082321339.jpg,C:\Users\User\work\HDRT_FinalProject\image_detecting\model2\risk_dataset_aug\test\risk_1_low\sp0001_img000412_1781082321339.jpg,risk_1_low,model2_imgsz520,risk_1_low,0.9977278113365173,True,False
sp0001_img000425_1781082324919.jpg,C:\Users\User\work\HDRT_FinalProject\image_detecting\model2\risk_dataset_aug\test\risk_1_low\sp0001_img000425_1781082324919.jpg,risk_1_low,model2_imgsz520,risk_1_low,0.9997790455818176,True,False
sp0002_img000073_1781082967580.jpg,C:\Users\User\work\HDRT_FinalProject\image_detecting\model2\risk_dataset_aug\test\risk_1_low\sp0002_img000073_1781082967580.jpg,risk_1_low,model2_imgsz520,risk_1_low,0.9289637804031372,True,False
sp0002_img000091_1781082974602.jpg,C:\Users\User\work\HDRT_FinalProject\image_detecting\model2\risk_dataset_aug\test\risk_1_low\sp0002_img000091_1781082974602.jpg,risk_1_low,model2_imgsz520,risk_0_safe,0.5279709696769714,False,True
sp0002_img000185_1781083008742.jpg,C:\Users\User\work\HDRT_FinalProject\image_detecting\model2\risk_dataset_aug\test\risk_1_low\sp0002_img000185_1781083008742.jpg,risk_1_low,model2_imgsz520,risk_0_safe,0.4639994502067566,False,True
sp0002_img000212_1781083018646.jpg,C:\Users\User\work\HDRT_FinalProject\image_detecting\model2\risk_dataset_aug\test\risk_1_low\sp0002_img000212_1781083018646.jpg,risk_1_low,model2_imgsz520,risk_1_low,0.9962091445922852,True,False
sp0002_img000263_1781083037549.jpg,C:\Users\User\work\HDRT_FinalProject\image_detecting\model2\risk_dataset_aug\test\risk_1_low\sp0002_img000263_1781083037549.jpg,risk_1_low,model2_imgsz520,risk_1_low,0.8114467263221741,True,False
sp0002_img000297_1781083048634.jpg,C:\Users\User\work\HDRT_FinalProject\image_detecting\model2\risk_dataset_aug\test\risk_1_low\sp0002_img000297_1781083048634.jpg,risk_1_low,model2_imgsz520,risk_1_low,0.41342073678970337,True,False
sp0002_img000299_1781083049267.jpg,C:\Users\User\work\HDRT_FinalProject\image_detecting\model2\risk_dataset_aug\test\risk_1_low\sp0002_img000299_1781083049267.jpg,risk_1_low,model2_imgsz520,risk_1_low,0.4155207574367523,True,False
sp0002_img000308_1781083051829.jpg,C:\Users\User\work\HDRT_FinalProject\image_detecting\model2\risk_dataset_aug\test\risk_1_low\sp0002_img000308_1781083051829.jpg,risk_1_low,model2_imgsz520,risk_1_low,0.5780039429664612,True,False
sp0002_img000366_1781083073572.jpg,C:\Users\User\work\HDRT_FinalProject\image_detecting\model2\risk_dataset_aug\test\risk_1_low\sp0002_img000366_1781083073572.jpg,risk_1_low,model2_imgsz520,risk_1_low,0.42720624804496765,True,False
sp0002_img000390_1781083084266.jpg,C:\Users\User\work\HDRT_FinalProject\image_detecting\model2\risk_dataset_aug\test\risk_1_low\sp0002_img000390_1781083084266.jpg,risk_1_low,model2_imgsz520,risk_0_safe,0.978620171546936,False,True
sp0001_img000002_1781078277435.jpg,C:\Users\User\work\HDRT_FinalProject\image_detecting\model2\risk_dataset_aug\test\risk_2_high\sp0001_img000002_1781078277435.jpg,risk_2_high,model2_imgsz520,risk_2_high,0.9969314336776733,True,False
sp0001_img000011_1781078279591.jpg,C:\Users\User\work\HDRT_FinalProject\image_detecting\model2\risk_dataset_aug\test\risk_2_high\sp0001_img000011_1781078279591.jpg,risk_2_high,model2_imgsz520,risk_1_low,0.9921182990074158,False,True
sp0001_img000042_1781078287961.jpg,C:\Users\User\work\HDRT_FinalProject\image_detecting\model2\risk_dataset_aug\test\risk_2_high\sp0001_img000042_1781078287961.jpg,risk_2_high,model2_imgsz520,risk_2_high,0.9605855345726013,True,False
sp0001_img000043_1781082213333.jpg,C:\Users\User\work\HDRT_FinalProject\image_detecting\model2\risk_dataset_aug\test\risk_2_high\sp0001_img000043_1781082213333.jpg,risk_2_high,model2_imgsz520,risk_1_low,0.999263346195221,False,True
sp0001_img000069_1781078295079.jpg,C:\Users\User\work\HDRT_FinalProject\image_detecting\model2\risk_dataset_aug\test\risk_2_high\sp0001_img000069_1781078295079.jpg,risk_2_high,model2_imgsz520,risk_0_safe,0.6099615693092346,False,True
sp0001_img000069_1781082222152.jpg,C:\Users\User\work\HDRT_FinalProject\image_detecting\model2\risk_dataset_aug\test\risk_2_high\sp0001_img000069_1781082222152.jpg,risk_2_high,model2_imgsz520,risk_2_high,0.4644198715686798,True,False
sp0001_img000112_1781078306814.jpg,C:\Users\User\work\HDRT_FinalProject\image_detecting\model2\risk_dataset_aug\test\risk_2_high\sp0001_img000112_1781078306814.jpg,risk_2_high,model2_imgsz520,risk_2_high,0.41899338364601135,True,False
sp0001_img000113_1781078307085.jpg,C:\Users\User\work\HDRT_FinalProject\image_detecting\model2\risk_dataset_aug\test\risk_2_high\sp0001_img000113_1781078307085.jpg,risk_2_high,model2_imgsz520,risk_2_high,0.8613574504852295,True,False
sp0001_img000164_1781082251123.jpg,C:\Users\User\work\HDRT_FinalProject\image_detecting\model2\risk_dataset_aug\test\risk_2_high\sp0001_img000164_1781082251123.jpg,risk_2_high,model2_imgsz520,risk_0_safe,0.5988801121711731,False,True
sp0001_img000168_1781082252417.jpg,C:\Users\User\work\HDRT_FinalProject\image_detecting\model2\risk_dataset_aug\test\risk_2_high\sp0001_img000168_1781082252417.jpg,risk_2_high,model2_imgsz520,risk_0_safe,0.5314360857009888,False,True
sp0001_img000216_1781082266936.jpg,C:\Users\User\work\HDRT_FinalProject\image_detecting\model2\risk_dataset_aug\test\risk_2_high\sp0001_img000216_1781082266936.jpg,risk_2_high,model2_imgsz520,risk_2_high,0.36468490958213806,True,False
sp0001_img000239_1781082273347.jpg,C:\Users\User\work\HDRT_FinalProject\image_detecting\model2\risk_dataset_aug\test\risk_2_high\sp0001_img000239_1781082273347.jpg,risk_2_high,model2_imgsz520,risk_2_high,0.763594388961792,True,False
sp0001_img000242_1781082274375.jpg,C:\Users\User\work\HDRT_FinalProject\image_detecting\model2\risk_dataset_aug\test\risk_2_high\sp0001_img000242_1781082274375.jpg,risk_2_high,model2_imgsz520,risk_2_high,0.9966782331466675,True,False
sp0001_img000245_1781082275258.jpg,C:\Users\User\work\HDRT_FinalProject\image_detecting\model2\risk_dataset_aug\test\risk_2_high\sp0001_img000245_1781082275258.jpg,risk_2_high,model2_imgsz520,risk_2_high,0.9808655977249146,True,False
sp0001_img000356_1781082305401.jpg,C:\Users\User\work\HDRT_FinalProject\image_detecting\model2\risk_dataset_aug\test\risk_2_high\sp0001_img000356_1781082305401.jpg,risk_2_high,model2_imgsz520,risk_2_high,0.9458231925964355,True,False
sp0001_img000360_1781082306307.jpg,C:\Users\User\work\HDRT_FinalProject\image_detecting\model2\risk_dataset_aug\test\risk_2_high\sp0001_img000360_1781082306307.jpg,risk_2_high,model2_imgsz520,risk_2_high,0.9237624406814575,True,False
sp0001_img000387_1781082314322.jpg,C:\Users\User\work\HDRT_FinalProject\image_detecting\model2\risk_dataset_aug\test\risk_2_high\sp0001_img000387_1781082314322.jpg,risk_2_high,model2_imgsz520,risk_2_high,0.9989836812019348,True,False
sp0001_img000414_1781082321866.jpg,C:\Users\User\work\HDRT_FinalProject\image_detecting\model2\risk_dataset_aug\test\risk_2_high\sp0001_img000414_1781082321866.jpg,risk_2_high,model2_imgsz520,risk_1_low,0.9996353387832642,False,True
sp0002_img000053_1781082959893.jpg,C:\Users\User\work\HDRT_FinalProject\image_detecting\model2\risk_dataset_aug\test\risk_2_high\sp0002_img000053_1781082959893.jpg,risk_2_high,model2_imgsz520,risk_2_high,0.9822715520858765,True,False
sp0002_img000093_1781082975278.jpg,C:\Users\User\work\HDRT_FinalProject\image_detecting\model2\risk_dataset_aug\test\risk_2_high\sp0002_img000093_1781082975278.jpg,risk_2_high,model2_imgsz520,risk_2_high,0.9961673617362976,True,False
sp0002_img000094_1781082975818.jpg,C:\Users\User\work\HDRT_FinalProject\image_detecting\model2\risk_dataset_aug\test\risk_2_high\sp0002_img000094_1781082975818.jpg,risk_2_high,model2_imgsz520,risk_2_high,0.9862911105155945,True,False
sp0002_img000095_1781082976274.jpg,C:\Users\User\work\HDRT_FinalProject\image_detecting\model2\risk_dataset_aug\test\risk_2_high\sp0002_img000095_1781082976274.jpg,risk_2_high,model2_imgsz520,risk_2_high,0.9956883788108826,True,False
sp0002_img000117_1781082984595.jpg,C:\Users\User\work\HDRT_FinalProject\image_detecting\model2\risk_dataset_aug\test\risk_2_high\sp0002_img000117_1781082984595.jpg,risk_2_high,model2_imgsz520,risk_2_high,0.9993543028831482,True,False
sp0002_img000140_1781082992437.jpg,C:\Users\User\work\HDRT_FinalProject\image_detecting\model2\risk_dataset_aug\test\risk_2_high\sp0002_img000140_1781082992437.jpg,risk_2_high,model2_imgsz520,risk_1_low,0.9902380108833313,False,True
sp0002_img000168_1781083002572.jpg,C:\Users\User\work\HDRT_FinalProject\image_detecting\model2\risk_dataset_aug\test\risk_2_high\sp0002_img000168_1781083002572.jpg,risk_2_high,model2_imgsz520,risk_2_high,0.9966796636581421,True,False
sp0002_img000216_1781083020224.jpg,C:\Users\User\work\HDRT_FinalProject\image_detecting\model2\risk_dataset_aug\test\risk_2_high\sp0002_img000216_1781083020224.jpg,risk_2_high,model2_imgsz520,risk_1_low,0.9501509070396423,False,True
sp0002_img000217_1781083020560.jpg,C:\Users\User\work\HDRT_FinalProject\image_detecting\model2\risk_dataset_aug\test\risk_2_high\sp0002_img000217_1781083020560.jpg,risk_2_high,model2_imgsz520,risk_2_high,0.8811783194541931,True,False
sp0002_img000300_1781083049515.jpg,C:\Users\User\work\HDRT_FinalProject\image_detecting\model2\risk_dataset_aug\test\risk_2_high\sp0002_img000300_1781083049515.jpg,risk_2_high,model2_imgsz520,risk_1_low,0.4227364659309387,False,True
sp0002_img000348_1781083065664.jpg,C:\Users\User\work\HDRT_FinalProject\image_detecting\model2\risk_dataset_aug\test\risk_2_high\sp0002_img000348_1781083065664.jpg,risk_2_high,model2_imgsz520,risk_2_high,0.9987478256225586,True,False
sp0002_img000370_1781083075286.jpg,C:\Users\User\work\HDRT_FinalProject\image_detecting\model2\risk_dataset_aug\test\risk_2_high\sp0002_img000370_1781083075286.jpg,risk_2_high,model2_imgsz520,risk_1_low,0.7424150705337524,False,True
